{
  "tv_inch": {
    "precision": 1.0,
    "recall": 0.75,
    "f1-score": 0.8571428571428571,
    "support": 12,
    "confused_with": {}
  },
  "company_name": {
    "precision": 1.0,
    "recall": 0.5714285714285714,
    "f1-score": 0.7272727272727273,
    "support": 14,
    "confused_with": {}
  },
  "micro avg": {
    "precision": 1.0,
    "recall": 0.6538461538461539,
    "f1-score": 0.7906976744186047,
    "support": 26
  },
  "macro avg": {
    "precision": 1.0,
    "recall": 0.6607142857142857,
    "f1-score": 0.7922077922077921,
    "support": 26
  },
  "weighted avg": {
    "precision": 1.0,
    "recall": 0.6538461538461539,
    "f1-score": 0.7872127872127871,
    "support": 26
  },
  "accuracy": 0.95
}