{
  "deny": {
    "precision": 1.0,
    "recall": 0.9333333333333333,
    "f1-score": 0.9655172413793104,
    "support": 15,
    "confused_with": {
      "affirm": 1
    }
  },
  "affirm": {
    "precision": 0.9375,
    "recall": 1.0,
    "f1-score": 0.967741935483871,
    "support": 15,
    "confused_with": {}
  },
  "ask_tv": {
    "precision": 1.0,
    "recall": 1.0,
    "f1-score": 1.0,
    "support": 16,
    "confused_with": {}
  },
  "ask_tv_detail": {
    "precision": 1.0,
    "recall": 1.0,
    "f1-score": 1.0,
    "support": 12,
    "confused_with": {}
  },
  "accuracy": 0.9827586206896551,
  "macro avg": {
    "precision": 0.984375,
    "recall": 0.9833333333333334,
    "f1-score": 0.9833147942157954,
    "support": 58
  },
  "weighted avg": {
    "precision": 0.9838362068965517,
    "recall": 0.9827586206896551,
    "f1-score": 0.9827394422922021,
    "support": 58
  },
  "micro avg": {
    "precision": 0.9827586206896551,
    "recall": 0.9827586206896551,
    "f1-score": 0.9827586206896551,
    "support": 58
  }
}